Game Date,Away Team,Home Team,Target_Line,Predicted_Runs_1to5,Predicted_Over_4_5,Actual_Runs_1to5,Actual_Over_4_5
2025-03-27,Chicago Cubs,Arizona Diamondbacks,4.5,4.457571428571429,Under,10,Over
2025-03-27,Los Angeles Angels,Chicago White Sox,4.5,4.300357142857143,Under,3,Under
2025-03-27,San Francisco Giants,Cincinnati Reds,4.5,4.901357142857143,Under,5,Over
2025-03-27,New York Mets,Houston Astros,4.5,3.553,Under,3,Under
2025-03-27,Cleveland Guardians,Kansas City Royals,4.5,4.529249999999999,Under,5,Over
2025-03-27,Detroit Tigers,Los Angeles Dodgers,4.5,4.94475,Under,6,Over
2025-03-27,Pittsburgh Pirates,Miami Marlins,4.5,3.675357142857143,Under,3,Under
2025-03-27,Milwaukee Brewers,New York Yankees,4.5,5.157,Over,3,Under
2025-03-27,Atlanta Braves,San Diego Padres,4.5,5.5275,Over,7,Over
2025-03-27,Athletics,Seattle Mariners,4.5,3.54,Under,1,Under
2025-03-27,Minnesota Twins,St. Louis Cardinals,4.5,6.042464285714287,Over,6,Over
2025-03-27,Boston Red Sox,Texas Rangers,4.5,4.1943214285714285,Under,4,Under
2025-03-27,Baltimore Orioles,Toronto Blue Jays,4.5,5.401392857142857,Over,8,Over
2025-03-27,Philadelphia Phillies,Washington Nationals,4.5,3.575,Under,1,Under
2025-03-28,Chicago Cubs,Arizona Diamondbacks,4.5,4.457571428571429,Under,7,Over
2025-03-28,New York Mets,Houston Astros,4.5,3.553,Under,4,Under
2025-03-28,Detroit Tigers,Los Angeles Dodgers,4.5,4.94475,Under,2,Under
2025-03-28,Pittsburgh Pirates,Miami Marlins,4.5,3.675357142857143,Under,5,Over
2025-03-28,Atlanta Braves,San Diego Padres,4.5,5.5275,Over,6,Over
2025-03-28,Athletics,Seattle Mariners,4.5,3.54,Under,2,Under
2025-03-28,Colorado Rockies,Tampa Bay Rays,4.5,3.55,Under,2,Under
2025-03-28,Boston Red Sox,Texas Rangers,4.5,4.1943214285714285,Under,3,Under
2025-03-28,Baltimore Orioles,Toronto Blue Jays,4.5,5.401392857142857,Over,7,Over
2025-03-29,Chicago Cubs,Arizona Diamondbacks,4.5,4.457571428571429,Under,4,Under
2025-03-29,Los Angeles Angels,Chicago White Sox,4.5,4.300357142857143,Under,Pending,Pending
2025-03-29,San Francisco Giants,Cincinnati Reds,4.5,4.901357142857143,Under,4,Under
2025-03-29,New York Mets,Houston Astros,4.5,3.553,Under,1,Under
2025-03-29,Cleveland Guardians,Kansas City Royals,4.5,4.529249999999999,Under,4,Under
2025-03-29,Detroit Tigers,Los Angeles Dodgers,4.5,4.94475,Under,6,Over
2025-03-29,Pittsburgh Pirates,Miami Marlins,4.5,3.675357142857143,Under,2,Under
2025-03-29,Milwaukee Brewers,New York Yankees,4.5,5.157,Over,22,Over
2025-03-29,Atlanta Braves,San Diego Padres,4.5,5.5275,Over,Pending,Pending
2025-03-29,Athletics,Seattle Mariners,4.5,3.54,Under,3,Under
2025-03-29,Minnesota Twins,St. Louis Cardinals,4.5,6.042464285714287,Over,2,Under
2025-03-29,Colorado Rockies,Tampa Bay Rays,4.5,3.55,Under,1,Under
2025-03-29,Boston Red Sox,Texas Rangers,4.5,4.1943214285714285,Under,6,Over
2025-03-29,Baltimore Orioles,Toronto Blue Jays,4.5,5.401392857142857,Over,13,Over
2025-03-29,Philadelphia Phillies,Washington Nationals,4.5,3.575,Under,4,Under
2025-03-30,Chicago Cubs,Arizona Diamondbacks,4.5,4.457571428571429,Under,1,Under
2025-03-30,Los Angeles Angels,Chicago White Sox,4.5,4.300357142857143,Under,4,Under
2025-03-30,San Francisco Giants,Cincinnati Reds,4.5,4.901357142857143,Under,1,Under
2025-03-30,Cleveland Guardians,Kansas City Royals,4.5,4.529249999999999,Under,3,Under
2025-03-30,Pittsburgh Pirates,Miami Marlins,4.5,3.675357142857143,Under,3,Under
2025-03-30,Milwaukee Brewers,New York Yankees,4.5,5.157,Over,8,Over
2025-03-30,Atlanta Braves,San Diego Padres,4.5,5.5275,Over,2,Under
2025-03-30,Athletics,Seattle Mariners,4.5,3.54,Under,1,Under
2025-03-30,Minnesota Twins,St. Louis Cardinals,4.5,6.042464285714287,Over,10,Over
2025-03-30,Colorado Rockies,Tampa Bay Rays,4.5,3.55,Under,3,Under
2025-03-30,Boston Red Sox,Texas Rangers,4.5,4.1943214285714285,Under,1,Under
2025-03-30,Baltimore Orioles,Toronto Blue Jays,4.5,5.401392857142857,Over,3,Under
2025-03-30,Philadelphia Phillies,Washington Nationals,4.5,3.575,Under,3,Under
2025-03-31,Chicago Cubs,Athletics,4.5,6.165,Over,13,Over
2025-03-31,Boston Red Sox,Baltimore Orioles,4.5,4.997,Under,7,Over
2025-03-31,Minnesota Twins,Chicago White Sox,4.5,5.671499999999999,Over,9,Over
2025-03-31,Texas Rangers,Cincinnati Reds,4.5,4.596285714285714,Under,6,Over
2025-03-31,San Francisco Giants,Houston Astros,4.5,3.9665,Under,2,Under
2025-03-31,Atlanta Braves,Los Angeles Dodgers,4.5,4.611642857142857,Under,5,Over
2025-03-31,New York Mets,Miami Marlins,4.5,3.766571428571429,Under,9,Over
2025-03-31,Kansas City Royals,Milwaukee Brewers,4.5,3.598,Under,4,Under
2025-03-31,Colorado Rockies,Philadelphia Phillies,4.5,3.575,Under,Pending,Pending
2025-03-31,Cleveland Guardians,San Diego Padres,4.5,4.884428571428571,Under,9,Over
2025-03-31,Detroit Tigers,Seattle Mariners,4.5,5.271297619047619,Over,12,Over
2025-03-31,Los Angeles Angels,St. Louis Cardinals,4.5,4.973928571428571,Under,4,Under
2025-03-31,Pittsburgh Pirates,Tampa Bay Rays,4.5,3.626833333333333,Under,4,Under
2025-03-31,Washington Nationals,Toronto Blue Jays,4.5,3.8235,Under,4,Under
2025-04-01,Chicago Cubs,Athletics,4.5,6.165,Over,10,Over
2025-04-01,Minnesota Twins,Chicago White Sox,4.5,5.671499999999999,Over,3,Under
2025-04-01,Texas Rangers,Cincinnati Reds,4.5,4.596285714285714,Under,1,Under
2025-04-01,San Francisco Giants,Houston Astros,4.5,3.9665,Under,4,Under
2025-04-01,Atlanta Braves,Los Angeles Dodgers,4.5,4.611642857142857,Under,1,Under
2025-04-01,New York Mets,Miami Marlins,4.5,3.766571428571429,Under,6,Over
2025-04-01,Kansas City Royals,Milwaukee Brewers,4.5,3.598,Under,2,Under
2025-04-01,Arizona Diamondbacks,New York Yankees,4.5,4.975357142857144,Under,6,Over
2025-04-01,Cleveland Guardians,San Diego Padres,4.5,4.884428571428571,Under,3,Under
2025-04-01,Detroit Tigers,Seattle Mariners,4.5,5.271297619047619,Over,3,Under
2025-04-01,Los Angeles Angels,St. Louis Cardinals,4.5,4.973928571428571,Under,5,Over
2025-04-01,Pittsburgh Pirates,Tampa Bay Rays,4.5,3.626833333333333,Under,6,Over
2025-04-01,Washington Nationals,Toronto Blue Jays,4.5,3.8235,Under,3,Under
2025-04-02,Chicago Cubs,Athletics,4.5,6.165,Over,10,Over
2025-04-02,Boston Red Sox,Baltimore Orioles,4.5,4.997,Under,3,Under
2025-04-02,Minnesota Twins,Chicago White Sox,4.5,5.671499999999999,Over,6,Over
2025-04-02,Texas Rangers,Cincinnati Reds,4.5,4.596285714285714,Under,1,Under
2025-04-02,San Francisco Giants,Houston Astros,4.5,3.9665,Under,8,Over
2025-04-02,Atlanta Braves,Los Angeles Dodgers,4.5,4.611642857142857,Under,8,Over
2025-04-02,New York Mets,Miami Marlins,4.5,3.766571428571429,Under,3,Under
2025-04-02,Kansas City Royals,Milwaukee Brewers,4.5,3.598,Under,2,Under
2025-04-02,Arizona Diamondbacks,New York Yankees,4.5,4.975357142857144,Under,4,Under
2025-04-02,Colorado Rockies,Philadelphia Phillies,4.5,3.575,Under,2,Under
2025-04-02,Cleveland Guardians,San Diego Padres,4.5,4.884428571428571,Under,4,Under
2025-04-02,Detroit Tigers,Seattle Mariners,4.5,5.271297619047619,Over,5,Over
2025-04-02,Los Angeles Angels,St. Louis Cardinals,4.5,4.973928571428571,Under,2,Under
2025-04-02,Pittsburgh Pirates,Tampa Bay Rays,4.5,3.626833333333333,Under,2,Under
2025-04-02,Washington Nationals,Toronto Blue Jays,4.5,3.8235,Under,3,Under
2025-04-03,Boston Red Sox,Baltimore Orioles,4.5,4.997,Under,8,Over
2025-04-03,Cincinnati Reds,Milwaukee Brewers,4.5,5.744666666666667,Over,1,Under
2025-04-03,Houston Astros,Minnesota Twins,4.5,6.285,Over,6,Over
2025-04-03,Arizona Diamondbacks,New York Yankees,4.5,4.975357142857144,Under,12,Over
2025-04-03,Colorado Rockies,Philadelphia Phillies,4.5,3.575,Under,1,Under
2025-04-04,Miami Marlins,Atlanta Braves,4.5,3.593,Under,3,Under
2025-04-04,St. Louis Cardinals,Boston Red Sox,4.5,4.969202380952382,Under,13,Over
2025-04-04,San Diego Padres,Chicago Cubs,4.5,4.470654761904762,Under,4,Under
2025-04-04,Athletics,Colorado Rockies,4.5,4.506695887445887,Under,4,Under
2025-04-04,Chicago White Sox,Detroit Tigers,4.5,6.216,Over,7,Over
2025-04-04,Baltimore Orioles,Kansas City Royals,4.5,4.514428571428571,Under,5,Over
2025-04-04,Cleveland Guardians,Los Angeles Angels,4.5,4.7245,Under,8,Over
2025-04-04,Cincinnati Reds,Milwaukee Brewers,4.5,5.744666666666667,Over,3,Under
2025-04-04,Toronto Blue Jays,New York Mets,4.5,3.5375,Under,2,Under
2025-04-04,Los Angeles Dodgers,Philadelphia Phillies,4.5,4.441,Under,1,Under
2025-04-04,New York Yankees,Pittsburgh Pirates,4.5,6.462,Over,8,Over
2025-04-04,Seattle Mariners,San Francisco Giants,4.5,5.634499999999999,Over,11,Over
2025-04-04,Tampa Bay Rays,Texas Rangers,4.5,4.974571428571428,Under,4,Under
2025-04-04,Arizona Diamondbacks,Washington Nationals,4.5,6.327500000000001,Over,7,Over
2025-04-05,Miami Marlins,Atlanta Braves,4.5,3.593,Under,3,Under
2025-04-05,St. Louis Cardinals,Boston Red Sox,4.5,4.969202380952382,Under,Pending,Pending
2025-04-05,San Diego Padres,Chicago Cubs,4.5,4.470654761904762,Under,4,Under
2025-04-05,Athletics,Colorado Rockies,4.5,4.506695887445887,Under,4,Under
2025-04-05,Chicago White Sox,Detroit Tigers,4.5,6.216,Over,9,Over
2025-04-05,Baltimore Orioles,Kansas City Royals,4.5,4.514428571428571,Under,2,Under
2025-04-05,Cleveland Guardians,Los Angeles Angels,4.5,4.7245,Under,13,Over
2025-04-05,Cincinnati Reds,Milwaukee Brewers,4.5,5.744666666666667,Over,12,Over
2025-04-05,Houston Astros,Minnesota Twins,4.5,6.285,Over,7,Over
2025-04-05,Toronto Blue Jays,New York Mets,4.5,3.5375,Under,1,Under
2025-04-05,Los Angeles Dodgers,Philadelphia Phillies,4.5,4.441,Under,3,Under
2025-04-05,New York Yankees,Pittsburgh Pirates,4.5,6.462,Over,12,Over
2025-04-05,Seattle Mariners,San Francisco Giants,4.5,5.634499999999999,Over,3,Under
2025-04-05,Tampa Bay Rays,Texas Rangers,4.5,4.974571428571428,Under,5,Over
2025-04-05,Arizona Diamondbacks,Washington Nationals,4.5,6.327500000000001,Over,4,Under
2025-04-06,Miami Marlins,Atlanta Braves,4.5,3.593,Under,Pending,Pending
2025-04-06,St. Louis Cardinals,Boston Red Sox,4.5,4.969202380952382,Under,13,Over
2025-04-06,San Diego Padres,Chicago Cubs,4.5,4.470654761904762,Under,13,Over
2025-04-06,Athletics,Colorado Rockies,4.5,4.506695887445887,Under,11,Over
2025-04-06,Chicago White Sox,Detroit Tigers,4.5,6.216,Over,4,Under
2025-04-06,Baltimore Orioles,Kansas City Royals,4.5,4.514428571428571,Under,4,Under
2025-04-06,Cleveland Guardians,Los Angeles Angels,4.5,4.7245,Under,4,Under
2025-04-06,Cincinnati Reds,Milwaukee Brewers,4.5,5.744666666666667,Over,8,Over
2025-04-06,Houston Astros,Minnesota Twins,4.5,6.285,Over,11,Over
2025-04-06,Toronto Blue Jays,New York Mets,4.5,3.5375,Under,3,Under
2025-04-06,Los Angeles Dodgers,Philadelphia Phillies,4.5,4.441,Under,10,Over
2025-04-06,New York Yankees,Pittsburgh Pirates,4.5,6.462,Over,5,Over
2025-04-06,Seattle Mariners,San Francisco Giants,4.5,5.634499999999999,Over,6,Over
2025-04-06,Tampa Bay Rays,Texas Rangers,4.5,4.974571428571428,Under,2,Under
2025-04-06,Arizona Diamondbacks,Washington Nationals,4.5,6.327500000000001,Over,7,Over
2025-04-07,Baltimore Orioles,Arizona Diamondbacks,4.5,6.402,Over,6,Over
2025-04-07,San Diego Padres,Athletics,4.5,5.145,Over,7,Over
2025-04-07,Toronto Blue Jays,Boston Red Sox,4.5,3.629,Under,4,Under
2025-04-07,Texas Rangers,Chicago Cubs,4.5,5.324142857142856,Over,3,Under
2025-04-07,New York Yankees,Detroit Tigers,4.5,5.45,Over,6,Over
2025-04-07,Minnesota Twins,Kansas City Royals,4.5,3.635,Under,4,Under
2025-04-07,Miami Marlins,New York Mets,4.5,4.748607142857143,Under,1,Under
2025-04-07,St. Louis Cardinals,Pittsburgh Pirates,4.5,4.454000000000001,Under,5,Over
2025-04-07,Cincinnati Reds,San Francisco Giants,4.5,4.954,Under,Pending,Pending
2025-04-07,Houston Astros,Seattle Mariners,4.5,3.729285714285714,Under,2,Under
2025-04-07,Los Angeles Dodgers,Washington Nationals,4.5,6.4475,Over,5,Over
2025-04-08,Baltimore Orioles,Arizona Diamondbacks,4.5,6.402,Over,6,Over
2025-04-08,San Diego Padres,Athletics,4.5,5.145,Over,13,Over
2025-04-08,Philadelphia Phillies,Atlanta Braves,4.5,4.864,Under,8,Over
2025-04-08,Toronto Blue Jays,Boston Red Sox,4.5,3.629,Under,Pending,Pending
2025-04-08,Texas Rangers,Chicago Cubs,4.5,5.324142857142856,Over,9,Over
2025-04-08,Chicago White Sox,Cleveland Guardians,4.5,4.635857142857144,Under,Pending,Pending
2025-04-08,Milwaukee Brewers,Colorado Rockies,4.5,5.503047619047618,Over,5,Over
2025-04-08,New York Yankees,Detroit Tigers,4.5,5.45,Over,5,Over
2025-04-08,Minnesota Twins,Kansas City Royals,4.5,3.635,Under,2,Under
2025-04-08,Miami Marlins,New York Mets,4.5,4.748607142857143,Under,8,Over
2025-04-08,St. Louis Cardinals,Pittsburgh Pirates,4.5,4.454000000000001,Under,4,Under
2025-04-08,Cincinnati Reds,San Francisco Giants,4.5,4.954,Under,1,Under
2025-04-08,Houston Astros,Seattle Mariners,4.5,3.729285714285714,Under,Pending,Pending
2025-04-08,Los Angeles Angels,Tampa Bay Rays,4.5,6.33,Over,2,Under
2025-04-08,Los Angeles Dodgers,Washington Nationals,4.5,6.4475,Over,9,Over
2025-04-09,Baltimore Orioles,Arizona Diamondbacks,4.5,6.402,Over,7,Over
2025-04-09,San Diego Padres,Athletics,4.5,5.145,Over,3,Under
2025-04-09,Philadelphia Phillies,Atlanta Braves,4.5,4.864,Under,Pending,Pending
2025-04-09,Toronto Blue Jays,Boston Red Sox,4.5,3.629,Under,2,Under
2025-04-09,Texas Rangers,Chicago Cubs,4.5,5.324142857142856,Over,6,Over
2025-04-09,Chicago White Sox,Cleveland Guardians,4.5,4.635857142857144,Under,4,Under
2025-04-09,Milwaukee Brewers,Colorado Rockies,4.5,5.503047619047618,Over,12,Over
2025-04-09,New York Yankees,Detroit Tigers,4.5,5.45,Over,Pending,Pending
2025-04-09,Minnesota Twins,Kansas City Royals,4.5,3.635,Under,1,Under
2025-04-09,Miami Marlins,New York Mets,4.5,4.748607142857143,Under,2,Under
2025-04-09,St. Louis Cardinals,Pittsburgh Pirates,4.5,4.454000000000001,Under,Pending,Pending
2025-04-09,Cincinnati Reds,San Francisco Giants,4.5,4.954,Under,6,Over
2025-04-09,Houston Astros,Seattle Mariners,4.5,3.729285714285714,Under,4,Under
2025-04-09,Los Angeles Angels,Tampa Bay Rays,4.5,6.33,Over,7,Over
2025-04-09,Los Angeles Dodgers,Washington Nationals,4.5,6.4475,Over,9,Over
2025-04-10,Philadelphia Phillies,Atlanta Braves,4.5,4.864,Under,2,Under
2025-04-10,Toronto Blue Jays,Boston Red Sox,4.5,3.629,Under,Pending,Pending
2025-04-10,Chicago White Sox,Cleveland Guardians,4.5,4.635857142857144,Under,6,Over
2025-04-10,Milwaukee Brewers,Colorado Rockies,4.5,5.503047619047618,Over,2,Under
2025-04-10,Minnesota Twins,Kansas City Royals,4.5,3.635,Under,2,Under
2025-04-10,Los Angeles Angels,Tampa Bay Rays,4.5,6.33,Over,11,Over
2025-04-11,Milwaukee Brewers,Arizona Diamondbacks,4.5,3.706,Under,3,Under
2025-04-11,New York Mets,Athletics,4.5,3.56,Under,4,Under
2025-04-11,Toronto Blue Jays,Baltimore Orioles,4.5,5.688000000000001,Over,Pending,Pending
2025-04-11,Boston Red Sox,Chicago White Sox,4.5,4.068214285714285,Under,7,Over
2025-04-11,Pittsburgh Pirates,Cincinnati Reds,4.5,4.85,Under,8,Over
2025-04-11,Kansas City Royals,Cleveland Guardians,4.5,4.411642857142857,Under,3,Under
2025-04-11,Los Angeles Angels,Houston Astros,4.5,6.23,Over,9,Over
2025-04-11,Chicago Cubs,Los Angeles Dodgers,4.5,3.595,Under,Pending,Pending
2025-04-11,Washington Nationals,Miami Marlins,4.5,5.468107142857143,Over,4,Under
2025-04-11,Detroit Tigers,Minnesota Twins,4.5,5.095833333333333,Over,5,Over
2025-04-11,San Francisco Giants,New York Yankees,4.5,5.417,Over,9,Over
2025-04-11,Colorado Rockies,San Diego Padres,4.5,5.205107142857143,Over,6,Over
2025-04-11,Texas Rangers,Seattle Mariners,4.5,4.397357142857143,Under,4,Under
2025-04-11,Philadelphia Phillies,St. Louis Cardinals,4.5,3.745,Under,2,Under
2025-04-11,Atlanta Braves,Tampa Bay Rays,4.5,3.592142857142857,Under,4,Under
2025-04-12,Milwaukee Brewers,Arizona Diamondbacks,4.5,3.706,Under,2,Under
2025-04-12,New York Mets,Athletics,4.5,3.56,Under,2,Under
2025-04-12,Toronto Blue Jays,Baltimore Orioles,4.5,5.688000000000001,Over,5,Over
2025-04-12,Boston Red Sox,Chicago White Sox,4.5,4.068214285714285,Under,2,Under
2025-04-12,Pittsburgh Pirates,Cincinnati Reds,4.5,4.85,Under,5,Over
2025-04-12,Kansas City Royals,Cleveland Guardians,4.5,4.411642857142857,Under,3,Under
2025-04-12,Los Angeles Angels,Houston Astros,4.5,6.23,Over,4,Under
2025-04-12,Chicago Cubs,Los Angeles Dodgers,4.5,3.595,Under,1,Under
2025-04-12,Washington Nationals,Miami Marlins,4.5,5.468107142857143,Over,9,Over
2025-04-12,Detroit Tigers,Minnesota Twins,4.5,5.095833333333333,Over,2,Under
2025-04-12,San Francisco Giants,New York Yankees,4.5,5.417,Over,9,Over
2025-04-12,Colorado Rockies,San Diego Padres,4.5,5.205107142857143,Over,2,Under
2025-04-12,Texas Rangers,Seattle Mariners,4.5,4.397357142857143,Under,6,Over
2025-04-12,Philadelphia Phillies,St. Louis Cardinals,4.5,3.745,Under,3,Under
2025-04-12,Atlanta Braves,Tampa Bay Rays,4.5,3.592142857142857,Under,2,Under
2025-04-13,Milwaukee Brewers,Arizona Diamondbacks,4.5,3.706,Under,3,Under
2025-04-13,New York Mets,Athletics,4.5,3.56,Under,Pending,Pending
2025-04-13,Toronto Blue Jays,Baltimore Orioles,4.5,5.688000000000001,Over,6,Over
2025-04-13,Boston Red Sox,Chicago White Sox,4.5,4.068214285714285,Under,Pending,Pending
2025-04-13,Pittsburgh Pirates,Cincinnati Reds,4.5,4.85,Under,4,Under
2025-04-13,Kansas City Royals,Cleveland Guardians,4.5,4.411642857142857,Under,6,Over
2025-04-13,Los Angeles Angels,Houston Astros,4.5,6.23,Over,7,Over
2025-04-13,Chicago Cubs,Los Angeles Dodgers,4.5,3.595,Under,2,Under
2025-04-13,Washington Nationals,Miami Marlins,4.5,5.468107142857143,Over,6,Over
2025-04-13,Detroit Tigers,Minnesota Twins,4.5,5.095833333333333,Over,3,Under
2025-04-13,San Francisco Giants,New York Yankees,4.5,5.417,Over,4,Under
2025-04-13,Colorado Rockies,San Diego Padres,4.5,5.205107142857143,Over,5,Over
2025-04-13,Texas Rangers,Seattle Mariners,4.5,4.397357142857143,Under,3,Under
2025-04-13,Philadelphia Phillies,St. Louis Cardinals,4.5,3.745,Under,2,Under
2025-04-13,Atlanta Braves,Tampa Bay Rays,4.5,3.592142857142857,Under,4,Under
2025-04-14,Colorado Rockies,Los Angeles Dodgers,4.5,4.814071428571428,Under,4,Under
2025-04-14,Detroit Tigers,Milwaukee Brewers,4.5,4.486130952380952,Under,9,Over
2025-04-14,New York Mets,Minnesota Twins,4.5,4.5262142857142855,Under,2,Under
2025-04-14,Kansas City Royals,New York Yankees,4.5,5.0185,Over,5,Over
2025-04-14,San Francisco Giants,Philadelphia Phillies,4.5,5.2945714285714285,Over,10,Over
2025-04-14,Washington Nationals,Pittsburgh Pirates,4.5,4.333142857142857,Under,5,Over
2025-04-14,Chicago Cubs,San Diego Padres,4.5,3.8199642857142857,Under,4,Under
2025-04-14,Houston Astros,St. Louis Cardinals,4.5,5.191785714285714,Over,7,Over
2025-04-14,Boston Red Sox,Tampa Bay Rays,4.5,5.364214285714287,Over,16,Over
2025-04-14,Atlanta Braves,Toronto Blue Jays,4.5,5.449,Over,8,Over
2025-04-15,Cleveland Guardians,Baltimore Orioles,4.5,5.602,Over,4,Under
2025-04-15,Athletics,Chicago White Sox,4.5,4.434916666666666,Under,8,Over
2025-04-15,Seattle Mariners,Cincinnati Reds,4.5,5.583,Over,10,Over
2025-04-15,Colorado Rockies,Los Angeles Dodgers,4.5,4.814071428571428,Under,7,Over
2025-04-15,Arizona Diamondbacks,Miami Marlins,4.5,5.6541428571428565,Over,6,Over
2025-04-15,Detroit Tigers,Milwaukee Brewers,4.5,4.486130952380952,Under,3,Under
2025-04-15,New York Mets,Minnesota Twins,4.5,4.5262142857142855,Under,6,Over
2025-04-15,Kansas City Royals,New York Yankees,4.5,5.0185,Over,2,Under
2025-04-15,San Francisco Giants,Philadelphia Phillies,4.5,5.2945714285714285,Over,4,Under
2025-04-15,Washington Nationals,Pittsburgh Pirates,4.5,4.333142857142857,Under,1,Under
2025-04-15,Chicago Cubs,San Diego Padres,4.5,3.8199642857142857,Under,1,Under
2025-04-15,Houston Astros,St. Louis Cardinals,4.5,5.191785714285714,Over,Pending,Pending
2025-04-15,Boston Red Sox,Tampa Bay Rays,4.5,5.364214285714287,Over,8,Over
2025-04-15,Los Angeles Angels,Texas Rangers,4.5,4.114285714285714,Under,Pending,Pending
2025-04-15,Atlanta Braves,Toronto Blue Jays,4.5,5.449,Over,7,Over
2025-04-16,Cleveland Guardians,Baltimore Orioles,4.5,5.602,Over,5,Over
2025-04-16,Athletics,Chicago White Sox,4.5,4.434916666666666,Under,1,Under
2025-04-16,Seattle Mariners,Cincinnati Reds,4.5,5.583,Over,4,Under
2025-04-16,Colorado Rockies,Los Angeles Dodgers,4.5,4.814071428571428,Under,14,Over
2025-04-16,Arizona Diamondbacks,Miami Marlins,4.5,5.6541428571428565,Over,3,Under
2025-04-16,Detroit Tigers,Milwaukee Brewers,4.5,4.486130952380952,Under,4,Under
2025-04-16,New York Mets,Minnesota Twins,4.5,4.5262142857142855,Under,2,Under
2025-04-16,Kansas City Royals,New York Yankees,4.5,5.0185,Over,6,Over
2025-04-16,San Francisco Giants,Philadelphia Phillies,4.5,5.2945714285714285,Over,9,Over
2025-04-16,Washington Nationals,Pittsburgh Pirates,4.5,4.333142857142857,Under,1,Under
2025-04-16,Chicago Cubs,San Diego Padres,4.5,3.8199642857142857,Under,3,Under
2025-04-16,Houston Astros,St. Louis Cardinals,4.5,5.191785714285714,Over,4,Under
2025-04-16,Boston Red Sox,Tampa Bay Rays,4.5,5.364214285714287,Over,1,Under
2025-04-16,Los Angeles Angels,Texas Rangers,4.5,4.114285714285714,Under,3,Under
2025-04-16,Atlanta Braves,Toronto Blue Jays,4.5,5.449,Over,1,Under
2025-04-17,Cleveland Guardians,Baltimore Orioles,4.5,5.602,Over,6,Over
2025-04-17,Athletics,Chicago White Sox,4.5,4.434916666666666,Under,2,Under
2025-04-17,Seattle Mariners,Cincinnati Reds,4.5,5.583,Over,6,Over
2025-04-17,Kansas City Royals,Detroit Tigers,4.5,4.387535714285714,Under,4,Under
2025-04-17,Arizona Diamondbacks,Miami Marlins,4.5,5.6541428571428565,Over,9,Over
2025-04-17,St. Louis Cardinals,New York Mets,4.5,4.2302857142857135,Under,5,Over
2025-04-17,San Francisco Giants,Philadelphia Phillies,4.5,5.2945714285714285,Over,6,Over
2025-04-17,Washington Nationals,Pittsburgh Pirates,4.5,4.333142857142857,Under,1,Under
2025-04-17,New York Yankees,Tampa Bay Rays,4.5,5.010285714285714,Over,6,Over
2025-04-17,Los Angeles Angels,Texas Rangers,4.5,4.114285714285714,Under,7,Over
2025-04-18,Minnesota Twins,Atlanta Braves,4.5,5.243964285714286,Over,5,Over
2025-04-18,Cincinnati Reds,Baltimore Orioles,4.5,6.3155,Over,8,Over
2025-04-18,Chicago White Sox,Boston Red Sox,4.5,5.0145,Over,7,Over
2025-04-18,Arizona Diamondbacks,Chicago Cubs,4.5,4.441571428571429,Under,3,Under
2025-04-18,Washington Nationals,Colorado Rockies,4.5,4.170357142857143,Under,Pending,Pending
2025-04-18,Kansas City Royals,Detroit Tigers,4.5,4.387535714285714,Under,6,Over
2025-04-18,San Diego Padres,Houston Astros,4.5,4.459535714285714,Under,7,Over
2025-04-18,San Francisco Giants,Los Angeles Angels,4.5,3.716,Under,2,Under
2025-04-18,Athletics,Milwaukee Brewers,4.5,3.623,Under,3,Under
2025-04-18,St. Louis Cardinals,New York Mets,4.5,4.2302857142857135,Under,4,Under
2025-04-18,Miami Marlins,Philadelphia Phillies,4.5,6.4,Over,7,Over
2025-04-18,Cleveland Guardians,Pittsburgh Pirates,4.5,4.46645238095238,Under,7,Over
2025-04-18,New York Yankees,Tampa Bay Rays,4.5,5.010285714285714,Over,1,Under
2025-04-18,Los Angeles Dodgers,Texas Rangers,4.5,4.510571428571429,Under,1,Under
2025-04-18,Seattle Mariners,Toronto Blue Jays,4.5,4.495071428571428,Under,4,Under
2025-04-19,Minnesota Twins,Atlanta Braves,4.5,5.243964285714286,Over,4,Under
2025-04-19,Cincinnati Reds,Baltimore Orioles,4.5,6.3155,Over,8,Over
2025-04-19,Chicago White Sox,Boston Red Sox,4.5,5.0145,Over,3,Under
2025-04-19,Arizona Diamondbacks,Chicago Cubs,4.5,4.441571428571429,Under,7,Over
2025-04-19,Washington Nationals,Colorado Rockies,4.5,4.170357142857143,Under,11,Over
2025-04-19,Kansas City Royals,Detroit Tigers,4.5,4.387535714285714,Under,3,Under
2025-04-19,San Diego Padres,Houston Astros,4.5,4.459535714285714,Under,2,Under
2025-04-19,San Francisco Giants,Los Angeles Angels,4.5,3.716,Under,4,Under
2025-04-19,Athletics,Milwaukee Brewers,4.5,3.623,Under,2,Under
2025-04-19,St. Louis Cardinals,New York Mets,4.5,4.2302857142857135,Under,2,Under
2025-04-19,Miami Marlins,Philadelphia Phillies,4.5,6.4,Over,10,Over
2025-04-19,Cleveland Guardians,Pittsburgh Pirates,4.5,4.46645238095238,Under,1,Under
2025-04-19,New York Yankees,Tampa Bay Rays,4.5,5.010285714285714,Over,10,Over
2025-04-19,Los Angeles Dodgers,Texas Rangers,4.5,4.510571428571429,Under,5,Over
2025-04-19,Seattle Mariners,Toronto Blue Jays,4.5,4.495071428571428,Under,4,Under
2025-04-20,Minnesota Twins,Atlanta Braves,4.5,5.243964285714286,Over,7,Over
2025-04-20,Cincinnati Reds,Baltimore Orioles,4.5,6.3155,Over,13,Over
2025-04-20,Chicago White Sox,Boston Red Sox,4.5,5.0145,Over,6,Over
2025-04-20,Arizona Diamondbacks,Chicago Cubs,4.5,4.441571428571429,Under,2,Under
2025-04-20,Washington Nationals,Colorado Rockies,4.5,4.170357142857143,Under,3,Under
2025-04-20,Kansas City Royals,Detroit Tigers,4.5,4.387535714285714,Under,4,Under
2025-04-20,San Diego Padres,Houston Astros,4.5,4.459535714285714,Under,4,Under
2025-04-20,San Francisco Giants,Los Angeles Angels,4.5,3.716,Under,2,Under
2025-04-20,Athletics,Milwaukee Brewers,4.5,3.623,Under,9,Over
2025-04-20,St. Louis Cardinals,New York Mets,4.5,4.2302857142857135,Under,3,Under
2025-04-20,Miami Marlins,Philadelphia Phillies,4.5,6.4,Over,5,Over
2025-04-20,Cleveland Guardians,Pittsburgh Pirates,4.5,4.46645238095238,Under,2,Under
2025-04-20,New York Yankees,Tampa Bay Rays,4.5,5.010285714285714,Over,2,Under
2025-04-20,Los Angeles Dodgers,Texas Rangers,4.5,4.510571428571429,Under,Pending,Pending
2025-04-20,Seattle Mariners,Toronto Blue Jays,4.5,4.495071428571428,Under,9,Over
2025-04-21,St. Louis Cardinals,Atlanta Braves,4.5,4.461571428571428,Under,4,Under
2025-04-21,Chicago White Sox,Boston Red Sox,4.5,5.0145,Over,5,Over
2025-04-21,New York Yankees,Cleveland Guardians,4.5,5.466357142857143,Over,5,Over
2025-04-21,San Diego Padres,Detroit Tigers,4.5,3.645,Under,10,Over
2025-04-21,Toronto Blue Jays,Houston Astros,4.5,3.995071428571429,Under,4,Under
2025-04-21,Cincinnati Reds,Miami Marlins,4.5,4.670178571428572,Under,3,Under
2025-04-21,Philadelphia Phillies,New York Mets,4.5,3.535,Under,2,Under
2025-04-21,Milwaukee Brewers,San Francisco Giants,4.5,4.14775,Under,4,Under
2025-04-22,Tampa Bay Rays,Arizona Diamondbacks,4.5,5.071857142857143,Over,4,Under
2025-04-22,Texas Rangers,Athletics,4.5,6.425,Over,9,Over
2025-04-22,St. Louis Cardinals,Atlanta Braves,4.5,4.461571428571428,Under,6,Over
2025-04-22,Seattle Mariners,Boston Red Sox,4.5,6.4625,Over,5,Over
2025-04-22,Los Angeles Dodgers,Chicago Cubs,4.5,6.3395,Over,11,Over
2025-04-22,New York Yankees,Cleveland Guardians,4.5,5.466357142857143,Over,1,Under
2025-04-22,San Diego Padres,Detroit Tigers,4.5,3.645,Under,2,Under
2025-04-22,Toronto Blue Jays,Houston Astros,4.5,3.995071428571429,Under,4,Under
2025-04-22,Colorado Rockies,Kansas City Royals,4.5,5.0406547619047615,Over,Pending,Pending
2025-04-22,Pittsburgh Pirates,Los Angeles Angels,4.5,5.296714285714286,Over,9,Over
2025-04-22,Cincinnati Reds,Miami Marlins,4.5,4.670178571428572,Under,3,Under
2025-04-22,Chicago White Sox,Minnesota Twins,4.5,4.642035714285714,Under,3,Under
2025-04-22,Philadelphia Phillies,New York Mets,4.5,3.535,Under,3,Under
2025-04-22,Milwaukee Brewers,San Francisco Giants,4.5,4.14775,Under,4,Under
2025-04-22,Baltimore Orioles,Washington Nationals,4.5,4.63275,Under,5,Over
2025-04-23,Tampa Bay Rays,Arizona Diamondbacks,4.5,5.071857142857143,Over,5,Over
2025-04-23,Texas Rangers,Athletics,4.5,6.425,Over,6,Over
2025-04-23,St. Louis Cardinals,Atlanta Braves,4.5,4.461571428571428,Under,1,Under
2025-04-23,Seattle Mariners,Boston Red Sox,4.5,6.4625,Over,6,Over
2025-04-23,Los Angeles Dodgers,Chicago Cubs,4.5,6.3395,Over,12,Over
2025-04-23,New York Yankees,Cleveland Guardians,4.5,5.466357142857143,Over,5,Over
2025-04-23,San Diego Padres,Detroit Tigers,4.5,3.645,Under,2,Under
2025-04-23,Toronto Blue Jays,Houston Astros,4.5,3.995071428571429,Under,4,Under
2025-04-23,Colorado Rockies,Kansas City Royals,4.5,5.0406547619047615,Over,Pending,Pending
2025-04-23,Pittsburgh Pirates,Los Angeles Angels,4.5,5.296714285714286,Over,2,Under
2025-04-23,Cincinnati Reds,Miami Marlins,4.5,4.670178571428572,Under,5,Over
2025-04-23,Chicago White Sox,Minnesota Twins,4.5,4.642035714285714,Under,6,Over
2025-04-23,Philadelphia Phillies,New York Mets,4.5,3.535,Under,4,Under
2025-04-23,Milwaukee Brewers,San Francisco Giants,4.5,4.14775,Under,Pending,Pending
2025-04-23,Baltimore Orioles,Washington Nationals,4.5,4.63275,Under,4,Under
2025-04-24,Tampa Bay Rays,Arizona Diamondbacks,4.5,5.071857142857143,Over,5,Over
2025-04-24,Texas Rangers,Athletics,4.5,6.425,Over,5,Over
2025-04-24,Seattle Mariners,Boston Red Sox,4.5,6.4625,Over,6,Over
2025-04-24,Colorado Rockies,Kansas City Royals,4.5,5.0406547619047615,Over,5,Over
2025-04-24,Pittsburgh Pirates,Los Angeles Angels,4.5,5.296714285714286,Over,6,Over
2025-04-24,Chicago White Sox,Minnesota Twins,4.5,4.642035714285714,Under,2,Under
2025-04-24,Milwaukee Brewers,San Francisco Giants,4.5,4.14775,Under,9,Over
2025-04-24,Baltimore Orioles,Washington Nationals,4.5,4.63275,Under,3,Under
2025-04-25,Atlanta Braves,Arizona Diamondbacks,4.5,4.724428571428572,Under,4,Under
2025-04-25,Chicago White Sox,Athletics,4.5,5.2,Over,2,Under
2025-04-25,Philadelphia Phillies,Chicago Cubs,4.5,4.2131428571428575,Under,3,Under
2025-04-25,Boston Red Sox,Cleveland Guardians,4.5,5.104000000000001,Over,Pending,Pending
2025-04-25,Cincinnati Reds,Colorado Rockies,4.5,5.96454761904762,Over,12,Over
2025-04-25,Baltimore Orioles,Detroit Tigers,4.5,3.8,Under,Pending,Pending
2025-04-25,Houston Astros,Kansas City Royals,4.5,3.662,Under,1,Under
2025-04-25,Pittsburgh Pirates,Los Angeles Dodgers,4.5,4.5455000000000005,Under,3,Under
2025-04-25,Los Angeles Angels,Minnesota Twins,4.5,6.234428571428571,Over,11,Over
2025-04-25,Toronto Blue Jays,New York Yankees,4.5,3.6955714285714287,Under,Pending,Pending
2025-04-25,Tampa Bay Rays,San Diego Padres,4.5,5.117964285714285,Over,1,Under
2025-04-25,Texas Rangers,San Francisco Giants,4.5,3.97375,Under,1,Under
2025-04-25,Miami Marlins,Seattle Mariners,4.5,6.1695,Over,7,Over
2025-04-25,Milwaukee Brewers,St. Louis Cardinals,4.5,6.087,Over,3,Under
2025-04-25,New York Mets,Washington Nationals,4.5,3.7455,Under,2,Under
2025-04-26,Atlanta Braves,Arizona Diamondbacks,4.5,4.724428571428572,Under,7,Over
2025-04-26,Chicago White Sox,Athletics,4.5,5.2,Over,7,Over
2025-04-26,Philadelphia Phillies,Chicago Cubs,4.5,4.2131428571428575,Under,8,Over
2025-04-26,Boston Red Sox,Cleveland Guardians,4.5,5.104000000000001,Over,9,Over
2025-04-26,Cincinnati Reds,Colorado Rockies,4.5,5.96454761904762,Over,6,Over
2025-04-26,Baltimore Orioles,Detroit Tigers,4.5,3.8,Under,4,Under
2025-04-26,Houston Astros,Kansas City Royals,4.5,3.662,Under,2,Under
2025-04-26,Pittsburgh Pirates,Los Angeles Dodgers,4.5,4.5455000000000005,Under,6,Over
2025-04-26,Los Angeles Angels,Minnesota Twins,4.5,6.234428571428571,Over,5,Over
2025-04-26,Toronto Blue Jays,New York Yankees,4.5,3.6955714285714287,Under,Pending,Pending
2025-04-26,Tampa Bay Rays,San Diego Padres,4.5,5.117964285714285,Over,3,Under
2025-04-26,Texas Rangers,San Francisco Giants,4.5,3.97375,Under,4,Under
2025-04-26,Miami Marlins,Seattle Mariners,4.5,6.1695,Over,10,Over
2025-04-26,Milwaukee Brewers,St. Louis Cardinals,4.5,6.087,Over,7,Over
2025-04-26,New York Mets,Washington Nationals,4.5,3.7455,Under,2,Under
2025-04-27,Atlanta Braves,Arizona Diamondbacks,4.5,4.724428571428572,Under,2,Under
2025-04-27,Chicago White Sox,Athletics,4.5,5.2,Over,2,Under
2025-04-27,Philadelphia Phillies,Chicago Cubs,4.5,4.2131428571428575,Under,Pending,Pending
2025-04-27,Boston Red Sox,Cleveland Guardians,4.5,5.104000000000001,Over,8,Over
2025-04-27,Cincinnati Reds,Colorado Rockies,4.5,5.96454761904762,Over,7,Over
2025-04-27,Baltimore Orioles,Detroit Tigers,4.5,3.8,Under,3,Under
2025-04-27,Houston Astros,Kansas City Royals,4.5,3.662,Under,5,Over
2025-04-27,Pittsburgh Pirates,Los Angeles Dodgers,4.5,4.5455000000000005,Under,6,Over
2025-04-27,Los Angeles Angels,Minnesota Twins,4.5,6.234428571428571,Over,1,Under
2025-04-27,Toronto Blue Jays,New York Yankees,4.5,3.6955714285714287,Under,Pending,Pending
2025-04-27,Tampa Bay Rays,San Diego Padres,4.5,5.117964285714285,Over,2,Under
2025-04-27,Texas Rangers,San Francisco Giants,4.5,3.97375,Under,3,Under
2025-04-27,Miami Marlins,Seattle Mariners,4.5,6.1695,Over,5,Over
2025-04-27,Milwaukee Brewers,St. Louis Cardinals,4.5,6.087,Over,8,Over
2025-04-27,New York Mets,Washington Nationals,4.5,3.7455,Under,8,Over
2025-04-28,New York Yankees,Baltimore Orioles,4.5,5.810214285714285,Over,Pending,Pending
2025-04-28,St. Louis Cardinals,Cincinnati Reds,4.5,4.719738095238094,No Bet,Pending,Pending
2025-04-28,Minnesota Twins,Cleveland Guardians,4.5,5.188714285714285,Over,Pending,Pending
2025-04-28,Atlanta Braves,Colorado Rockies,4.5,5.1855119047619045,Over,Pending,Pending
2025-04-28,Detroit Tigers,Houston Astros,4.5,4.697154761904762,No Bet,Pending,Pending
2025-04-28,Miami Marlins,Los Angeles Dodgers,4.5,5.0625,Over,Pending,Pending
2025-04-28,Athletics,Texas Rangers,4.5,4.1110649350649355,Under,Pending,Pending
2025-04-28,New York Mets,Washington Nationals,4.5,3.7455,Under,Pending,Pending
2025-04-29,New York Yankees,Baltimore Orioles,4.5,5.810214285714285,Over,Pending,Pending
2025-04-29,Milwaukee Brewers,Chicago White Sox,4.5,4.846690476190476,Over,Pending,Pending
2025-04-29,St. Louis Cardinals,Cincinnati Reds,4.5,4.719738095238094,No Bet,Pending,Pending
2025-04-29,Minnesota Twins,Cleveland Guardians,4.5,5.188714285714285,Over,Pending,Pending
2025-04-29,Atlanta Braves,Colorado Rockies,4.5,5.1855119047619045,Over,Pending,Pending
2025-04-29,Detroit Tigers,Houston Astros,4.5,4.697154761904762,No Bet,Pending,Pending
2025-04-29,Miami Marlins,Los Angeles Dodgers,4.5,5.0625,Over,Pending,Pending
2025-04-29,Arizona Diamondbacks,New York Mets,4.5,4.739071428571428,No Bet,Pending,Pending
2025-04-29,Washington Nationals,Philadelphia Phillies,4.5,4.572642857142857,No Bet,Pending,Pending
2025-04-29,Chicago Cubs,Pittsburgh Pirates,4.5,4.420904761904762,No Bet,Pending,Pending
2025-04-29,San Francisco Giants,San Diego Padres,4.5,4.9869642857142855,Over,Pending,Pending
2025-04-29,Los Angeles Angels,Seattle Mariners,4.5,4.977,Over,Pending,Pending
2025-04-29,Kansas City Royals,Tampa Bay Rays,4.5,4.169642857142857,Under,Pending,Pending
2025-04-29,Athletics,Texas Rangers,4.5,4.1110649350649355,Under,Pending,Pending
2025-04-29,Boston Red Sox,Toronto Blue Jays,4.5,4.750642857142857,Over,Pending,Pending
